100,     Anderson,Adrian,"111 Peachtree    Plaza, Suite 111",Atlanta,GA,30205,16.5
200,Brown,Billie,222 Baker Boulevard,Baltimore,MD,,100
300,Carson,Cameron,333 Crenshaw Blvd.,Cupertino,CA,,21.95
400,Davidson,Dion,444 Main Street,Wilmington,DE,,
500,Everest,Evan,555 5TH Avenue,New york,NY,,
600,Franklin,Francis,666 66TH Avenue,Bedrock,NY,,
700,Garfunkel,Gwen,777 77TH Street,New york,NY,,
800,Harrison,Hilary,888 88TH Street,Pocatello,ID,,
900,Isley,Isabel,999 99TH Avenue,Indianapolis,IN,,
1000,Johnson,Jamie,1010 Paradise Drive,Larkspur,CA,,
1100,Kemper,Kelly,1111 Oak Circle,Kansas City,KS,,
1200,Lemond,Lesley,1212 Lockwood Road,Mohave Desert,AZ,,
1300,Mitchell,Marlow,1313 Miller Creek Road,Anywhere,TX,,
1400,Newman,Noel,1414 Park Avenue,Santa Monica,CA,,
1500,Osborn,Owen,1515 Center Stage,Rolling Rock,PA,,
1600,Powell,Pierce,1616 Central Avenue,Ventura,CA,,
1700,Quigley,Quincy,1717 Farm Hill Road,Oshkosh,WI,,
1800,Ripley,Ray,1818 Alien Lane,Wayout,KS,,
1900,Smith,Sammy,1919 Carnoustie Drive,Novato,CA,94949,
2000,Tucker,Taylor,2020 Sanger Lane,St. Paul,MN,,
2100,Underwood,Ulysses,2121 Wall Street,New York,NY,,
2200,Victoria,Vaughn,"2222 Vine Street, #22",Hollywood,CA,,
2300,Wilson,,"2323 Main Street, #23",Boston,MA,,
2400,Xray,Xavier,2424 24TH Street,Nashville,TN,,
2500,Young,Yanni,2525 Yonge Street,Toronto,ON,,
2600,Zenith,Zebulon,2626 26TH Street,Dallas,TX,,
123456,Doe,John,123 Main Street,Anywhere,OR,,
999990,Jones,George,"990 ""Hamilton Terrace""","D,Lyon",TX,,
999995,Adams,Alfred,"995 ""Test, Lane""",NOK,TX,,
999999,Smith,,"99 ""E"" Street",San Rafael,CA,94903,
